<?xml version="1.0" encoding="UTF-8"?>
<project-private xmlns="http://www.netbeans.org/ns/project-private/1">
    <editor-bookmarks xmlns="http://www.netbeans.org/ns/editor-bookmarks/2" lastBookmarkId="0"/>
    <open-files xmlns="http://www.netbeans.org/ns/projectui-open-files/2">
        <group>
            <file>file:/C:/Users/jurya/Desktop/Algorithms%20II/AlgorithmsII_ProjectPhase1/src/RoadDesignApplication/KruskalAlg.java</file>
            <file>file:/C:/Users/jurya/Desktop/Algorithms%20II/AlgorithmsII_ProjectPhase1/src/RoadDesignApplication/PQPrimAlg.java</file>
            <file>file:/C:/Users/jurya/Desktop/Algorithms%20II/AlgorithmsII_ProjectPhase1/src/RoadDesignApplication/Road.java</file>
            <file>file:/C:/Users/jurya/Desktop/Algorithms%20II/AlgorithmsII_ProjectPhase1/src/GraphFramework/Edge.java</file>
            <file>file:/C:/Users/jurya/Desktop/Algorithms%20II/AlgorithmsII_ProjectPhase1/src/RoadDesignApplication/RoadDesignApp.java</file>
            <file>file:/C:/Users/jurya/Desktop/Algorithms%20II/AlgorithmsII_ProjectPhase1/src/GraphFramework/Vertex.java</file>
            <file>file:/C:/Users/jurya/Desktop/Algorithms%20II/AlgorithmsII_ProjectPhase1/src/RoadDesignApplication/MSTAlgorithm.java</file>
            <file>file:/C:/Users/jurya/Desktop/Algorithms%20II/AlgorithmsII_ProjectPhase1/src/RoadDesignApplication/House.java</file>
            <file>file:/C:/Users/jurya/Desktop/Algorithms%20II/AlgorithmsII_ProjectPhase1/src/GraphFramework/Graph.java</file>
        </group>
    </open-files>
</project-private>
